Date,VNIndex,DJIA,Interest rate,Exchange rate,rVNIndex,rDJIA
30/11/2022,"1,032.16","33,795.43",7.16,"23,693",2.597982071,-0.154841838
29/11/2022,"1,005.69","33,847.80",5.46,"23,698",3.462905755,-0.992523275
28/11/2022,971.46,"34,185.42",4.64,"23,703",2.475154624,-0.080762057
25/11/2022,947.71,"34,213.04",4.04,"23,700",0.180597923,0.35567183
24/11/2022,946,"34,091.57",3.03,"23,688",-0.644850822,0.829204408
23/11/2022,952.12,"33,810.05",3.23,"23,688",-0.891906141,0.116127568
22/11/2022,960.65,"33,770.81",4.1,"23,682",-0.899497251,0.487464121
21/11/2022,969.33,"33,606.59",4.92,"23,663",0.007221744,0.985571103
18/11/2022,969.26,"33,277.00",5.48,"23,637",2.757266128,-0.831732982
17/11/2022,942.9,"33,554.93",6.51,"23,586",3.342989753,-0.742403562
16/11/2022,911.9,"33,804.97",7.02,"23,541",-3.145531171,0.471454644
15/11/2022,941.04,"33,645.97",7.47,"23,541",-1.423342609,-0.450094557
14/11/2022,954.53,"33,797.75",6.61,"23,497",0.766657977,1.592120674
11/11/2022,947.24,"33,263.91",7.86,"23,480",-2.987935527,0.783001865
10/11/2022,975.97,"33,004.47",8.44,"23,451",-0.580298111,0.212044448
9/11/2022,981.65,"32,934.56",7.88,"23,432",0.660250554,1.376720587
8/11/2022,975.19,"32,484.25",5.26,"23,422",-2.226888619,0.677199517
7/11/2022,997.15,"32,265.01",4.93,"23,422",-1.105038721,0.871475519
4/11/2022,"1,008.23","31,985.05",4.98,"23,417",-1.472887975,-1.831581004
3/11/2022,"1,023.19","32,576.28",5.06,"23,417",-1.026776938,-1.072709938
2/11/2022,"1,033.75","32,927.61",5.16,"23,423",0.563616778,0.779215536
1/11/2022,"1,027.94","32,672.03",5.12,"23,412",-0.029180325,1.441906567
31/10/2022,"1,028.24","32,204.31",5.08,"23,400",0.022370821,0.442439973
28/10/2022,"1,028.01","32,062.14",4.89,"23,400",3.428703749,1.014733025
27/10/2022,993.36,"31,738.44",4.68,"23,371",-0.435949381,0.869565331
26/10/2022,997.7,"31,463.65",4.61,"23,346",1.164415707,0.675401683
25/10/2022,986.15,"31,251.86",4.26,"23,346",-3.357294727,3.122231338
24/10/2022,"1,019.82","30,291.18",4.25,"23,334",-3.717943269,-0.397805579
21/10/2022,"1,058.45","30,411.92",4.21,"23,324",0.218482157,-0.089135822
20/10/2022,"1,056.14","30,439.04",4.17,"23,324",-0.709503873,-1.160913336
19/10/2022,"1,063.66","30,794.47",4.2,"23,316",1.142199593,2.415371623
18/10/2022,"1,051.58","30,059.58",4.29,"23,301",-0.971887485,-0.394601861
17/10/2022,"1,061.85","30,178.43",4.62,"23,301",1.02800928,4.828690149
14/10/2022,"1,050.99","28,755.83",5.9,"23,295",1.551474212,-1.645973131
13/10/2022,"1,034.81","29,233.06",6.88,"23,283",2.803697591,0.507080687
12/10/2022,"1,006.20","29,085.20",5.71,"23,283",-3.542163078,-1.145715804
11/10/2022,"1,042.48","29,420.35",5.21,"23,277",0.632222238,-0.896435141
10/10/2022,"1,035.91","29,685.27",4.42,"23,257",-3.659378276,-1.739392073
7/10/2022,"1,074.52","30,206.13",4.42,"23,244",-2.730137714,0.42389076
6/10/2022,"1,104.26","30,078.36",3.88,"23,253",2.393809319,0.840301661
5/10/2022,"1,078.14","29,826.67",3.58,"23,263",-0.766896181,3.311100758
4/10/2022,"1,086.44","28,855.25",3.74,"23,263",-4.117685221,-0.923731798
3/10/2022,"1,132.11","29,123.03",3.82,"23,281",0.534945346,-1.241513114
30/09/2022,"1,126.07","29,486.85",3.77,"23,261",-1.54649752,0.981267896
29/09/2022,"1,143.62","29,198.92",2.73,"23,245",-1.984343256,-0.753891402
28/09/2022,"1,166.54","29,419.88",2.49,"23,227",-0.667270054,-0.149005787
27/09/2022,"1,174.35","29,463.75",2.43,"23,219",-2.433635832,-1.080325585
26/09/2022,"1,203.28","29,783.78",2.05,"23,221",-0.944597136,-1.402763203
23/09/2022,"1,214.70","30,204.52",1.99,"23,211",0.342233094,-2.11399819
22/09/2022,"1,210.55","30,849.84",2.27,"23,212",-0.689862294,-0.125335363
21/09/2022,"1,218.93","30,888.53",2.71,"23,212",0.563553266,1.034484634
20/09/2022,"1,212.08","30,570.64",3.3,"23,234",-1.79473443,-0.147385792
19/09/2022,"1,234.03","30,615.73",3.98,"23,232",-0.938027356,-1.648714444
16/09/2022,"1,245.66","31,124.68",4.29,"23,237",0.39333553,-0.052484756
15/09/2022,"1,240.77","31,141.02",4.42,"23,222",-0.613057678,-2.7413086
14/09/2022,"1,248.40","32,006.50",4.36,"23,205",-0.097677368,-0.790580438
13/09/2022,"1,249.62","32,260.54",4.16,"23,205",0.067243038,1.19845343
12/9/2022,"1,248.78","31,876.22",4.1,"23,192",1.142004374,1.244591153
9/9/2022,"1,234.60","31,481.95",4.03,"23,192",-0.691753809,1.157876935
8/9/2022,"1,243.17","31,119.53",4.18,"23,173",-2.716219308,-0.920570879
7/9/2022,"1,277.40","31,407.33",4.19,"23,160",-0.170513694,-1.394897999
6/9/2022,"1,279.58","31,848.50",4.68,"23,153",-0.072653699,1.244568462
5/9/2022,"1,280.51","31,454.58",5.13,"23,153",0.087503424,-1.177509859
31/08/2022,"1,279.39","31,827.15",5.01,"23,163",0.673677843,-1.131440008
30/08/2022,"1,270.80","32,189.30",3.67,"23,174",-0.921925406,0.403524526
29/08/2022,"1,282.57","32,059.67",2.8,"23,176",-0.677584124,-3.77612263
26/08/2022,"1,291.29","33,293.43",2.16,"23,175",1.100285585,0.796594219
25/08/2022,"1,277.16","33,029.27",1.4,"23,182",0.498437042,0.395157191
24/08/2022,"1,270.81","32,899.01",1.15,"23,182",0.820155986,-0.408023738
23/08/2022,"1,260.43","33,033.52",0.96,"23,178",-0.691809006,-0.967558865
22/08/2022,"1,269.18","33,354.69",0.83,"23,163",-0.352362291,-1.419924947
19/08/2022,"1,273.66","33,831.68",0.76,"23,154",-0.127111679,-0.44292112
18/08/2022,"1,275.28","33,981.86",0.73,"23,161",0.046275055,-0.140241197
17/08/2022,"1,274.69","34,029.55",0.71,"23,176",0.038448109,0.309621917
16/08/2022,"1,274.20","33,924.35",0.72,"23,201",0.935931106,0.858250361
15/08/2022,"1,262.33","33,634.44",0.68,"23,192",0.816103798,0.607530427
12/8/2022,"1,252.07","33,430.72",0.69,"23,196",-0.353189634,-0.062168982
11/8/2022,"1,256.50","33,451.51",0.82,"23,207",-0.186852779,0.963869543
10/8/2022,"1,258.85","33,130.63",0.88,"23,212",0.16695822,0.980535167
9/8/2022,"1,256.75","32,807.36",0.88,"23,212",0.349925231,-0.458721144
8/8/2022,"1,252.36","32,958.20",0.87,"23,213",0.168623997,1.356963365
5/8/2022,"1,250.25","32,513.99",0.71,"23,214",0.039199844,-0.89315177
4/8/2022,"1,249.76","32,805.69",0.68,"23,224",0.653455432,0.763568505
3/8/2022,"1,241.62","32,556.15",0.69,"23,245",0.830585008,-0.359622455
2/8/2022,"1,231.35","32,673.44",0.6,"23,225",2.052843576,-0.251478258
1/8/2022,"1,206.33","32,755.71",0.44,"23,225",-0.148273961,0.735670877
29/07/2022,"1,208.12","32,515.62",0.37,"23,201",1.42385573,0.982805249
28/07/2022,"1,191.04","32,197.62",0.38,"23,198",0.502503046,0.955835076
27/07/2022,"1,185.07","31,891.33",0.38,"23,183",-0.289016325,-0.183924676
26/07/2022,"1,188.50","31,950.04",0.37,"23,170",-0.246225854,-0.112643747
25/07/2022,"1,191.43","31,986.05",0.37,"23,177",-0.589147693,-0.56698124
22/07/2022,"1,198.47","32,167.92",0.37,"23,177",0.361948226,1.067072076
21/07/2022,"1,194.14","31,826.49",0.36,"23,178",1.332807921,-0.010996524
20/07/2022,"1,178.33","31,829.99",0.37,"23,171",0.156275246,2.108405787
19/07/2022,"1,176.49","31,165.91",0.38,"23,144",-0.234321382,-1.253394054
18/07/2022,"1,179.25","31,559.00",0.38,"23,121",-0.247308949,2.514411505
15/07/2022,"1,182.17","30,775.37",0.42,"23,112",0.700315669,1.056958903
14/07/2022,"1,173.92","30,451.80",0.42,"23,112",0.039192632,-0.953771261
13/07/2022,"1,173.46","30,743.63",0.39,"23,110",1.560525495,-1.195288359
12/7/2022,"1,155.29","31,113.31",0.4,"23,099",-1.377138587,-0.225533096
11/7/2022,"1,171.31","31,183.56",0.45,"23,092",0.413211355,-0.527315321
8/7/2022,"1,166.48","31,348.43",0.48,"23,102",1.45679126,0.504581566
7/7/2022,"1,149.61","31,190.65",0.33,"23,105",-2.718430726,0.75095348
6/7/2022,"1,181.29","30,957.30",0.38,"23,105",-1.198254002,0.83096996
5/7/2022,"1,195.53","30,701.12",0.53,"23,101",-0.910913876,-0.129715658
4/7/2022,"1,206.47","30,740.97",0.74,"23,089",0.737918634,0.13163743
1/7/2022,"1,197.60","30,700.53",0.93,"23,087",-1.696450406,-1.119295624
30/06/2022,"1,218.09","31,046.09",1.04,"23,092",-0.000820954,-1.607060307
29/06/2022,"1,218.10","31,549.05",1.14,"23,089",1.262346786,-0.050765186
28/06/2022,"1,202.82","31,565.07",1.32,"23,089",1.4521044,2.18850873
27/06/2022,"1,185.48","30,881.77",1.57,"23,093",-0.286393161,1.013611143
24/06/2022,"1,188.88","30,570.33",1.75,"23,093",1.663206501,0.714873807
23/06/2022,"1,169.27","30,352.57",1.91,"23,089",-0.27330122,0.919723843
22/06/2022,"1,172.47","30,074.69",1.98,"23,071",-0.674072943,0.781072074
21/06/2022,"1,180.40","29,840.70",2.05,"23,065",-3.166053575,-1.546390001
20/06/2022,"1,218.37","30,305.74",2.07,"23,065",-1.487603808,-0.869835816
17/06/2022,"1,236.63","30,570.50",2,"23,062",1.852690757,-0.079816358
16/06/2022,"1,213.93","30,594.91",1.91,"23,057",-1.34031398,-1.781717374
15/06/2022,"1,230.31","31,144.91",1.78,"23,057",0.266140512,-2.875617674
14/06/2022,"1,227.04","32,053.52",1.7,"23,062",-4.543774359,-2.389369018
13/06/2022,"1,284.08","32,828.62",1.63,"23,069",-1.830382752,-0.784187572
10/6/2022,"1,307.80","33,087.07",1.56,"23,069",-0.008410718,0.923156817
9/6/2022,"1,307.91","32,783.03",1.37,"23,066",1.274226054,-0.756699607
8/6/2022,"1,291.35","33,032.04",1.37,"23,060",0.103821251,0.092862076
7/6/2022,"1,290.01","33,001.38",1.4,"23,057",0.157487067,0.584620598
6/6/2022,"1,287.98","32,809.01",1.43,"23,089",-0.049677871,-1.052987264
3/6/2022,"1,288.62","33,156.31",1.29,"23,109",-0.842308719,0.390672832
2/6/2022,"1,299.52","33,027.03",1.33,"23,109",0.527738282,0.887872586
1/6/2022,"1,292.68","32,735.09",1.51,"23,105",-0.095878767,1.451630006
31/05/2022,"1,293.92","32,263.33",1.85,"23,103",0.656751877,1.395223979
30/05/2022,"1,285.45","31,816.31",2.05,"23,103",1.321856977,0.310700424
27/05/2022,"1,268.57","31,717.61",2.11,"23,117",0.011036657,0.696196463
26/05/2022,"1,268.43","31,497.56",2.11,"23,145",2.802154714,0.224459566
25/05/2022,"1,233.38","31,426.94",2.11,"23,145",1.188339522,0.52423522
24/05/2022,"1,218.81","31,262.62",2.12,"23,142",-1.780882351,-3.785248973
23/05/2022,"1,240.71","32,468.67",2.11,"23,140",-0.074929002,-0.432925921
20/05/2022,"1,241.64","32,609.54",2.11,"23,160",0.070899133,1.412556112
19/05/2022,"1,240.76","32,152.15",2.11,"23,160",1.003600782,0.548119176
18/05/2022,"1,228.37","31,976.40",2.11,"23,163",4.701905915,0.87117342
17/05/2022,"1,171.95","31,699.04",2.1,"23,163",-0.9190117,-1.329335921
16/05/2022,"1,182.77","32,123.24",2.09,"23,151",-4.631631278,-1.178617185
13/05/2022,"1,238.84","32,504.09",2.08,"23,141",-4.936503761,-0.555553064
12/5/2022,"1,301.53","32,685.17",2.08,"23,143",0.614238817,-0.271039846
11/5/2022,"1,293.56","32,773.88",2.01,"23,135",1.868046424,-3.243032564
10/5/2022,"1,269.62","33,854.17",2.03,"23,130",-4.590475331,2.036206493
9/5/2022,"1,329.26","33,171.80",2.08,"23,130",-2.336217838,0.258716502
6/5/2022,"1,360.68","33,086.09",2.13,"23,128",0.885823845,0.325742161
5/5/2022,"1,348.68","32,978.49",2.18,"23,128",-1.284094866,-2.422087833
4/5/2022,"1,366.11","33,787.01",2.19,"23,140",1.112962797,1.07435655
29/04/2022,"1,350.99","33,425.96",2.18,"23,140",-0.205563597,-0.074644634
28/04/2022,"1,353.77","33,450.92",2.17,"23,140",0.92241787,-1.3556644
27/04/2022,"1,341.34","33,907.49",2.2,"23,135",2.29399335,0.519936818
26/04/2022,"1,310.92","33,731.65",2.19,"23,135",-5.079619163,-2.909185905
25/04/2022,"1,379.23","34,727.38",2.19,"23,128",0.656135967,-1.518671868
22/04/2022,"1,370.21","35,258.80",2.18,"23,123",-1.053394037,0.843422262
21/04/2022,"1,384.72","34,962.67",2.13,"23,123",-1.213789194,1.638076407
20/04/2022,"1,401.63","34,394.62",2.11,"23,123",-2.185513012,-0.049036344
19/04/2022,"1,432.60","34,411.49",2.15,"23,117",-1.795867244,-0.628536708
18/04/2022,"1,458.56","34,628.46",2.24,"23,112",-0.925389109,1.342615789
15/04/2022,"1,472.12","34,166.64",2.31,"23,107",-0.344486527,-0.717043164
14/04/2022,"1,477.20","34,412.51",2.4,"23,106",1.497069683,-0.630799403
13/04/2022,"1,455.25","34,630.27",2.47,"23,106",-1.82148197,0.176388578
12/4/2022,"1,482.00","34,569.24",2.51,"23,106",-1.363802196,0.376765736
8/4/2022,"1,502.35","34,439.24",2.54,"23,108",-1.358586304,-0.235210358
7/4/2022,"1,522.90","34,520.34",2.54,"23,108",0.188634037,-1.025966009
6/4/2022,"1,520.03","34,876.33",2.56,"23,101",-0.306759789,0.219156355
5/4/2022,"1,524.70","34,799.98",2.55,"23,101",0.543218682,0.16994327
4/4/2022,"1,516.44","34,740.89",2.56,"23,105",1.614744966,-1.317188412
1/4/2022,"1,492.15","35,201.52",2.57,"23,100",0.109968965,-0.204639579
31/03/2022,"1,490.51","35,273.63",2.51,"23,098",-0.485231537,0.452578045
30/03/2022,"1,497.76","35,114.35",2.52,"23,098",0.978222726,0.804380427
29/03/2022,"1,483.18","34,833.03",2.54,"23,095",-1.027617639,0.37575139
28/03/2022,"1,498.50","34,702.39",2.74,"23,095",-0.111382725,0.855405076
25/03/2022,"1,500.17","34,406.81",2.9,"23,100",-0.144545755,-0.989168026
24/03/2022,"1,502.34","34,748.84",2.89,"23,135",-0.095804566,0.477701851
23/03/2022,"1,503.78","34,583.24",2.95,"23,151",0.588917677,-0.250126154
22/03/2022,"1,494.95","34,669.85",3.08,"23,146",1.358393534,0.587621239
21/03/2022,"1,474.78","34,466.72",3.4,"23,151",0.915500311,1.376929361
18/03/2022,"1,461.34","33,995.39",3.32,"23,151",0.137639673,1.009508743
17/03/2022,"1,459.33","33,653.93",2.59,"23,148",0.452599783,1.994748268
16/03/2022,"1,452.74","32,989.27",2.27,"23,147",0.447742893,-0.033641645
15/03/2022,"1,446.25","33,000.37",2.42,"23,143",-1.393188536,-0.842942893
14/03/2022,"1,466.54","33,279.72",2.42,"23,146",-0.851438798,0.521040926
11/3/2022,"1,479.08","33,106.77",2.56,"23,142",0.361688543,0.746889917
10/3/2022,"1,473.74","32,860.42",2.3,"23,142",0.002035658,-0.075290225
9/3/2022,"1,473.71","32,885.17",1.48,"23,167",-1.704854328,-2.090141044
8/3/2022,"1,499.05","33,579.75",1.03,"23,188",-0.418056913,-0.225120337
7/3/2022,"1,505.33","33,655.43",1,"23,186",0.021924507,-0.938785483
4/3/2022,"1,505.00","33,972.87",0.98,"23,178",1.302801889,1.762002624
3/3/2022,"1,485.52","33,379.51",1,"23,164",-0.928014057,-1.291730087
2/3/2022,"1,499.37","33,813.48",1.02,"23,164",0.618165541,-0.16884324
1/3/2022,"1,490.13","33,870.62",0.98,"23,162",-0.58614697,1.767489314
28/02/2022,"1,498.89","33,277.22",1.04,"23,172",0.269896681,1.352029557
25/02/2022,"1,494.85","32,830.33",1.09,"23,171",-1.160580341,-2.558020619
24/02/2022,"1,512.30","33,680.97",1.11,"23,159",0.585590097,-0.866518584
23/02/2022,"1,503.47","33,974.09",1.14,"23,151",-0.489001774,-0.985179722
22/02/2022,"1,510.84","34,310.45",1.17,"23,151",0.397920729,-1.584617679
21/02/2022,"1,504.84","34,858.47",1.26,"23,143",-0.209105801,-0.267467854
18/02/2022,"1,507.99","34,951.83",1.47,"23,133",1.05931146,0.76292028
17/02/2022,"1,492.10","34,686.19",1.8,"23,137",-0.043553278,-0.023954792
16/02/2022,"1,492.75","34,694.50",0.73,"23,140",1.402521042,-1.63917453
15/02/2022,"1,471.96","35,267.89",0.73,"23,146",-2.000961278,-1.023779477
14/02/2022,"1,501.71","35,630.81",0.81,"23,146",-0.337710143,0.044662339
11/2/2022,"1,506.79","35,614.90",0.98,"23,131",-0.256508119,1.283567683
10/2/2022,"1,510.66","35,160.68",1.12,"23,130",0.642175102,0.148856437
9/2/2022,"1,500.99","35,108.38",1.12,"23,130",0.222100036,0.036009283
8/2/2022,"1,497.66","35,095.74",1.27,"23,133",1.256475198,-1.201841479
7/2/2022,"1,478.96","35,520.08",1.34,"23,119",0.555986407,0.40026418
28/01/2022,"1,470.76","35,378.19",1.05,"23,119",-0.732981191,0.642909043
27/01/2022,"1,481.58","35,151.47",0.91,"23,113",0.135082218,1.318125044
26/01/2022,"1,479.58","34,691.17",0.85,"23,119",2.73165593,1.615490596
25/01/2022,"1,439.71","34,135.24",0.75,"23,116",-2.278475275,-0.369928982
24/01/2022,"1,472.89","34,261.75",0.64,"23,096",0.51664575,-0.753304871
21/01/2022,"1,465.30","34,520.82",0.65,"23,090",1.548126061,0.972769581
20/01/2022,"1,442.79","34,186.64",0.65,"23,090",0.267200764,0.339978865
19/01/2022,"1,438.94","34,070.61",0.64,"23,108",-0.961353011,-1.835325311
18/01/2022,"1,452.84","34,701.69",0.63,"23,104",-2.928798692,-1.148852214
17/01/2022,"1,496.02","35,102.66",0.64,"23,090",-0.002005301,-0.878230634
14/01/2022,"1,496.05","35,412.30",0.63,"23,081",-0.961904069,-0.701974882
13/01/2022,"1,510.51","35,661.76",0.61,"23,099",1.426871609,-0.934080064
12/1/2022,"1,489.11","35,996.43",0.65,"23,099",-0.975676173,-0.874199235
11/1/2022,"1,503.71","36,312.49",0.64,"23,099",-1.633838975,-0.065162948
10/1/2022,"1,528.48","36,336.16",0.65,"23,070",-0.367011233,0.766106273
7/1/2022,"1,534.10","36,058.85",0.65,"23,076",0.759016927,-0.322175164
6/1/2022,"1,522.50","36,175.21",0.61,"23,068",-0.202094502,-0.205399328
5/1/2022,"1,525.58","36,249.59",0.64,"23,062",1.122574105,-0.438929922
4/1/2022,"1,508.55","36,409.05",0.63,"23,077",1.508116691,-0.857499923
31/12/2021,"1,485.97","36,722.60",0.64,"23,077",-0.335245012,0.236100581
30/12/2021,"1,490.96","36,636.00",0.63,"23,100",-0.229788903,0.861903323
29/12/2021,"1,494.39","36,321.59",0.63,"23,119",0.369393737,-0.176763249
28/12/2021,"1,488.88","36,385.85",0.63,"23,097",0.799084467,-0.374799862
27/12/2021,"1,477.03","36,522.48",0.64,"23,085",1.368124162,0.277858612
24/12/2021,"1,456.96","36,421.14",0.65,"23,082",-1.411444974,0.324926827
23/12/2021,"1,477.67","36,302.99",0.63,"23,082",-0.072385092,0.96464131
22/12/2021,"1,478.74","35,954.48",0.65,"23,096",0.095396936,0.479698258
21/12/2021,"1,477.33","35,782.42",0.65,"23,110",-0.166378136,0.815756326
20/12/2021,"1,479.79","35,491.71",0.63,"23,105",0.215126588,1.196734123
17/12/2021,"1,476.61","35,069.50",0.63,"23,125",0.075200453,-0.434248748
16/12/2021,"1,475.50","35,222.12",0.63,"23,138",-0.035236082,-1.62766717
15/12/2021,"1,476.02","35,800.11",0.63,"23,138",-0.012871626,-0.657524274
14/12/2021,"1,476.21","36,036.28",0.62,"23,128",0.861983397,1.360433679
13/12/2021,"1,463.54","35,549.35",0.62,"23,137",-0.302914761,-0.158470799
10/12/2021,"1,467.98","35,605.73",0.66,"23,134",1.03463956,-0.987087391
9/12/2021,"1,452.87","35,958.93",0.6,"23,145",0.420742506,0.357657241
8/12/2021,"1,446.77","35,830.55",0.6,"23,145",2.320799182,0.302685758
7/12/2021,"1,413.58","35,722.26",0.61,"23,145",-2.082052178,0.015145765
6/12/2021,"1,443.32","35,716.85",0.61,"23,154",-2.648024907,0.8233292
3/12/2021,"1,482.05","35,423.99",0.65,"23,142",-0.21164457,2.256987365
2/12/2021,"1,485.19","34,633.43",0.65,"23,174",0.455523238,-0.171219556
1/12/2021,"1,478.44","34,692.78",0.65,"23,193",-0.431954453,1.793093544
30/11/2021,"1,484.84","34,076.25",0.65,"23,193",-0.550058978,-1.753192558
29/11/2021,"1,493.03","34,678.94",0.64,"23,193",-0.519735023,-1.084243671
26/11/2021,"1,500.81","35,056.99",0.65,"23,183",0.798751939,0.112108947
25/11/2021,"1,488.87","35,017.71",0.64,"23,190",1.709779162,-0.991648319
24/11/2021,"1,463.63","35,366.69",0.66,"23,184",1.125444738,-1.084446573
23/11/2021,"1,447.25","35,752.31",0.65,"23,217",-0.351773021,0.370985051
22/11/2021,"1,452.35","35,619.92",0.65,"23,217",-1.196381366,-0.03225203
19/11/2021,"1,469.83","35,631.41",0.66,"23,222",-0.408734715,-0.692712232
18/11/2021,"1,475.85","35,879.09",0.67,"23,195",0.638958093,-0.062969505
17/11/2021,"1,466.45","35,901.69",0.66,"23,191",-0.687731642,-0.716086943
16/11/2021,"1,476.57","36,159.70",0.67,"23,207",0.21695365,0.231242527
15/11/2021,"1,473.37","36,076.18",0.67,"23,175",0.750756323,-0.145834782
12/11/2021,"1,462.35","36,128.83",0.66,"23,175",-0.182416349,0.45788407
11/11/2021,"1,465.02","35,963.78",0.67,"23,196",0.240558868,-0.208326002
10/11/2021,"1,461.50","36,038.78",0.65,"23,237",-0.414466618,-0.720149901
9/11/2021,"1,467.57","36,299.25",0.66,"23,210",0.756480858,-0.289613755
8/11/2021,"1,456.51","36,404.53",0.65,"23,165",0.562509014,-0.032765279
5/11/2021,"1,448.34","36,416.46",0.67,"23,127",0.279329791,0.406438128
4/11/2021,"1,444.30","36,268.75",0.68,"23,127",-0.563389551,0.445699677
3/11/2021,"1,452.46","36,107.46",0.68,"23,127",0.933109076,0.134051045
2/11/2021,"1,438.97","36,059.09",0.68,"23,143",-0.367642372,0.344416974
1/11/2021,"1,444.27","35,935.11",0.69,"23,139",0.434379022,0.282741593
29/10/2021,"1,438.01","35,833.65",0.68,"23,143",1.047883955,0.339278884
28/10/2021,"1,423.02","35,712.28",0.68,"23,145",2.230565184,0.468357324
27/10/2021,"1,391.63","35,545.41",0.64,"23,145",0.448681538,-0.812603483
26/10/2021,"1,385.40","35,835.43",0.64,"23,147",-0.276792842,0.123920666
25/10/2021,"1,389.24","35,791.05",0.64,"23,141",0.322277416,0.275391743
22/10/2021,"1,384.77","35,692.62",0.66,"23,133",-0.649976916,0.238147645
21/10/2021,"1,393.80","35,607.72",0.64,"23,118",-0.109711642,0.245754119
20/10/2021,"1,395.33","35,520.32",0.64,"23,112",-0.0143325,0.127219384
19/10/2021,"1,395.53","35,475.16",0.63,"23,112",0.202996236,0.423133057
18/10/2021,"1,392.70","35,325.37",0.65,"23,116",0.061051159,0.295833922
15/10/2021,"1,391.85","35,221.02",0.64,"23,114",-0.004310716,0.562008693
14/10/2021,"1,391.91","35,023.63",0.64,"23,107",-0.207413117,1.671080542
13/10/2021,"1,394.80","34,443.22",0.65,"23,104",0.050916315,0.204923554
12/10/2021,"1,394.09","34,372.71",0.5,"23,115",1.544041489,-0.390361336
11/10/2021,"1,372.73","34,507.15",0.63,"23,115",0.49220173,-0.625849388
8/10/2021,"1,365.99","34,723.79",0.69,"23,105",0.232335811,-0.097234719
7/10/2021,"1,362.82","34,757.57",0.64,"23,100",0.602772805,0.715636653
6/10/2021,"1,354.63","34,509.72",0.65,"23,109",1.120208287,0.904578924
5/10/2021,"1,339.54","34,198.96",0.65,"23,123",0.347737999,0.4798482
4/10/2021,"1,334.89","34,035.25",0.64,"23,133",-0.535685549,-0.812637312
1/10/2021,"1,342.06","34,312.96",0.65,"23,133",0.212585907,1.120291608
30/09/2021,"1,339.21","33,930.70",0.66,"23,152",-0.00746681,-1.571056784
29/09/2021,"1,339.31","34,467.98",0.69,"23,140",1.074964373,0.313535173
28/09/2021,"1,324.99","34,360.08",0.71,"23,150",-1.956597154,-1.121795737
27/09/2021,"1,351.17","34,747.70",0.73,"23,140",-0.117606608,0.024263542
24/09/2021,"1,352.76","34,739.27",0.75,"23,131",0.153878052,-0.066300653
23/09/2021,"1,350.68","34,762.31",0.77,"23,145",0.805796549,1.349627725
22/09/2021,"1,339.84","34,296.30",0.79,"23,131",-0.790988096,0.84749136
21/09/2021,"1,350.48","34,006.87",0.83,"23,129",-0.159815359,-0.055091334
20/09/2021,"1,352.64","34,025.61",0.87,"23,136",0.50175943,-1.267762933
17/09/2021,"1,345.87","34,459.72",0.9,"23,142",0.002972099,-0.803905275
16/09/2021,"1,345.83","34,737.86",0.92,"23,142",0.45652148,-0.208229973
15/09/2021,"1,339.70","34,810.27",0.93,"23,145",-0.129050083,0.660950578
14/09/2021,"1,341.43","34,580.95",0.93,"23,147",-0.288826064,-0.9381565
13/09/2021,"1,345.31","34,906.90",0.96,"23,164",0.098910873,0.693956134
10/9/2021,"1,343.98","34,665.50",0.96,"23,160",0.774581011,-0.816178151
9/9/2021,"1,333.61","34,949.59",0.97,"23,159",-0.61969692,-0.181496839
8/9/2021,"1,341.90","35,013.08",0.94,"23,159",-0.334041653,-0.212181072
7/9/2021,"1,346.39","35,087.45",0.98,"23,177",0.875785146,-0.81120854
6/9/2021,"1,334.65","35,373.24",1,"28,181",0.238549016,-0.080508693
1/9/2021,"1,331.47","35,401.73",0.98,"23,174",0.250412785,0.137573746
31/08/2021,"1,328.14","35,353.06",0.96,"23,170",1.131256054,-0.097511183
30/08/2021,"1,313.20","35,387.55",0.97,"23,165",0.924147463,-0.01082243
27/08/2021,"1,301.12","35,391.38",0.95,"23,165",-0.645813473,-0.226972694
26/08/2021,"1,309.55","35,471.80",0.95,"23,170",0.828900306,0.680851551
25/08/2021,"1,298.74","35,231.11",0.95,"23,158",-0.009239298,-0.618472704
24/08/2021,"1,298.86","35,449.68",0.93,"23,154",-2.326332227,0.171968797
23/08/2021,"1,329.43","35,388.77",0.93,"23,156",-3.359435532,0.01709728
20/08/2021,"1,374.85","35,382.72",0.92,"23,160",1.016899679,0.628690476
19/08/2021,"1,360.94","35,160.97",0.93,"23,160",-0.157854388,0.693535058
18/08/2021,"1,363.09","34,917.96",0.94,"23,162",-0.575704302,0.124053229
17/08/2021,"1,370.96","34,874.67",0.95,"23,155",1.019799821,-1.241109631
16/08/2021,"1,357.05","35,310.20",0.94,"23,145",0.295192274,-0.536110413
13/08/2021,"1,353.05","35,500.01",0.9,"23,141",-0.349707458,0.025862492
12/8/2021,"1,357.79","35,490.83",0.95,"23,134",-0.341149209,-0.170968389
11/8/2021,"1,362.43","35,551.56",1,"23,134",0.188811682,0.19602025
10/8/2021,"1,359.86","35,481.94",1.03,"23,139",1.363063479,0.511565855
9/8/2021,"1,341.45","35,300.89",1.09,"23,132",-0.305173292,0.470555297
6/8/2021,"1,345.55","35,135.17",1.13,"23,134",0.806633507,-0.268600218
5/8/2021,"1,334.74","35,229.67",1.1,"23,132",0.172466843,0.433043651
4/8/2021,"1,332.44","35,077.44",1.19,"23,119",1.376851415,0.749233936
3/8/2021,"1,314.22","34,815.61",1.23,"23,119",0.317802933,-0.663672287
2/8/2021,"1,310.05","35,047.44",1.21,"23,110",1.263627514,0.524492581
30/07/2021,"1,293.60","34,864.10",1.14,"23,117",1.286063776,-0.299172559
29/07/2021,"1,277.07","34,968.56",1.08,"23,130",0.010963195,-0.127747481
28/07/2021,"1,276.93","35,013.26",1.1,"23,113",0.331027428,0.077915124
27/07/2021,"1,272.71","34,985.99",0.99,"23,118",0.305326929,-0.353687044
26/07/2021,"1,268.83","35,109.95",0.95,"23,118",-1.938792436,0.088475597
23/07/2021,"1,293.67","35,078.90",0.97,"23,122",1.784438605,0.065702088
22/07/2021,"1,270.79","35,055.86",0.98,"23,109",-0.196534763,0.574303437
21/07/2021,"1,273.29","34,855.11",0.96,"23,102",2.366607591,0.159156353
20/07/2021,"1,243.51","34,799.68",0.96,"23,106",-4.389532828,0.699921423
19/07/2021,"1,299.31","34,556.96",1.01,"23,109",0.415698396,1.67841842
16/07/2021,"1,293.92","33,981.79",1.07,"23,130",1.088660741,-1.595969784
15/07/2021,"1,279.91","34,528.48",1.1,"23,137",-1.368040114,-1.379040216
14/07/2021,"1,297.54","35,007.94",1.16,"23,142",0.095611148,0.2377428
13/07/2021,"1,296.30","34,924.81",1.29,"23,142",-3.846977407,0.01139656
12/7/2021,"1,347.14","34,920.83",1.39,"23,143",-2.023715006,-0.111990732
9/7/2021,"1,374.68","34,959.96",1.48,"23,151",-1.003906044,0.353054257
8/7/2021,"1,388.55","34,836.75",1.54,"23,165",2.461357643,1.094589325
7/7/2021,"1,354.79","34,457.51",1.54,"23,177",-4.074434109,-0.323064518
6/7/2021,"1,411.13","34,569.01",1.42,"23,166",-0.645619252,-0.101657906
5/7/2021,"1,420.27","34,604.17",1.46,"23,166",-0.184302026,-0.536039314
2/7/2021,"1,422.89","34,790.16",1.46,"23,154",0.757664892,0.425564549
1/7/2021,"1,412.15","34,642.42",1.35,"23,164",0.093518204,0.390746724
30/06/2021,"1,410.83","34,507.32",1.25,"23,158",0.176647783,0.629612857
29/06/2021,"1,408.34","34,290.74",1.21,"23,153",0.739767476,-0.140318425
28/06/2021,"1,397.96","34,338.89",1.24,"23,145",1.140271413,-0.259456027
25/06/2021,"1,382.11","34,428.10",1.22,"23,145",0.379850981,0.290883064
24/06/2021,"1,376.87","34,328.10",1.22,"23,152",-0.455069951,1.154945135
23/06/2021,"1,383.15","33,933.91",1.2,"23,178",0.167149703,-0.043103925
22/06/2021,"1,380.84","33,948.54",1.22,"23,187",0.526425921,0.224060158
21/06/2021,"1,373.59","33,872.56",1.24,"23,173",0.540190672,1.668545331
18/06/2021,"1,366.19","33,312.07",1.23,"23,167",1.856549769,-0.928164032
17/06/2021,"1,341.06","33,622.70",1.25,"23,167",-1.685123667,-1.158194228
16/06/2021,"1,363.85","34,014.38",1.24,"23,164",0.166579257,-0.860917756
15/06/2021,"1,361.58","34,308.48",1.21,"23,166",0.652101739,-0.257970456
14/06/2021,"1,352.73","34,397.10",1.29,"23,176",1.93622816,-0.219022641
11/6/2021,"1,326.79","34,472.52",1.14,"23,180",-0.45945285,-0.079133187
10/6/2021,"1,332.90","34,499.81",0.95,"23,180",0.706216561,-0.007825824
9/6/2021,"1,323.52","34,502.51",0.9,"23,180",-2.377224768,-0.357739074
8/6/2021,"1,355.36","34,626.16",1.2,"23,212",-1.408840313,-0.056819496
7/6/2021,"1,374.59","34,645.84",1.05,"23,218",0.549305632,-0.346798972
4/6/2021,"1,367.06","34,766.20",0.77,"23,217",1.611231382,0.42519408
3/6/2021,"1,345.21","34,618.69",0.44,"23,213",0.553861102,0.197718696
2/6/2021,"1,337.78","34,550.31",0.42,"23,209",0.62311571,-0.185961349
1/6/2021,"1,329.47","34,614.62",0.44,"23,209",0.212339884,0.087949495
31/05/2021,"1,326.65","34,584.19",0.43,"23,215",1.431827805,0.0743101
28/05/2021,"1,307.79","34,558.50",0.43,"23,211",-0.809536027,0.365352568
27/05/2021,"1,318.42","34,432.47",0.41,"23,207",0.790421635,0.2795746
26/05/2021,"1,308.04","34,336.34",0.41,"23,195",0.678884026,-0.26850885
25/05/2021,"1,299.19","34,428.66",0.43,"23,192",0.90386398,0.508980602
24/05/2021,"1,287.50","34,253.87",0.4,"23,192",1.145172923,0.385985107
21/05/2021,"1,272.84","34,121.91",0.31,"23,203",0.647894253,0.633886213
20/05/2021,"1,264.62","33,906.30",0.3,"23,204",0.781142338,-0.116459177
19/05/2021,"1,254.78","33,945.81",0.29,"23,201",-0.381013446,-1.187094074
18/05/2021,"1,259.57","34,351.18",0.29,"23,198",-1.025236853,-0.070162198
17/05/2021,"1,272.55","34,375.29",0.25,"23,201",0.48208429,0.948270306
14/05/2021,"1,266.43","34,050.86",0.26,"23,201",0.272791057,1.25931837
13/05/2021,"1,262.98","33,624.74",0.25,"23,190",0.87556972,-1.715065551
12/5/2021,"1,251.97","34,206.40",0.26,"23,181",-1.044076419,-1.06527492
11/5/2021,"1,265.11","34,572.74",0.24,"23,175",2.007995389,-0.612851105
10/5/2021,"1,239.96","34,785.27",0.37,"23,190",-0.444187675,0.596857123
7/5/2021,"1,245.48","34,578.27",0.26,"23,184",-0.794918017,0.968166929
6/5/2021,"1,255.42","34,245.11",0.25,"23,184",0.858367502,0.237161541
5/5/2021,"1,244.69","34,163.99",0.26,"23,182",1.833217787,0.245559489
4/5/2021,"1,222.08","34,080.20",0.26,"23,178",-1.044376788,0.515731872
29/04/2021,"1,234.91","33,904.89",0.27,"23,177",1.193414214,-0.247033574
28/04/2021,"1,220.26","33,988.75",0.26,"23,169",0.527506256,0.39239846
27/04/2021,"1,213.84","33,855.64",0.27,"23,179",-3.035416341,-0.014235906
26/04/2021,"1,251.25","33,860.46",0.28,"23,179",1.942419741,-0.211439117
23/04/2021,"1,227.18","33,932.13",0.28,"23,191",-2.980766458,-0.329820842
22/04/2021,"1,264.31","34,044.23",0.29,"23,191",-0.270926885,0.70660402
20/04/2021,"1,267.74","33,804.52",0.28,"23,184",1.924147094,-0.899255704
19/04/2021,"1,243.58","34,109.88",0.28,"23,167",-0.118940479,0.888074392
16/04/2021,"1,245.06","33,808.30",0.29,"23,148",-1.371212123,-0.665897929
15/04/2021,"1,262.25","34,034.18",0.29,"23,148",1.705891996,-0.434499286
14/04/2021,"1,240.90","34,182.38",0.29,"23,114",-1.720943349,0.364065516
13/04/2021,"1,262.44","34,058.16",0.28,"23,109",2.052704285,0.794825568
12/4/2021,"1,236.79","33,788.53",0.29,"23,103",0.427825471,0.354534813
9/4/2021,"1,231.51","33,668.95",0.31,"23,099",-0.878783612,-0.154948584
8/4/2021,"1,242.38","33,721.16",0.35,"23,101",0.402457223,-0.159712682
7/4/2021,"1,237.39","33,775.06",0.4,"23,101",0.325406235,0.739573587
6/4/2021,"1,233.37","33,526.19",0.34,"23,104",-0.961014396,0.168069574
5/4/2021,"1,245.28","33,469.89",0.29,"23,107",1.579934444,0.074452812
2/4/2021,"1,225.76","33,444.98",0.33,"23,130",2.575802951,-0.164433527
1/4/2021,"1,194.59","33,500.02",0.37,"23,140",0.691323445,0.832229064
31/03/2021,"1,186.36","33,222.38",0.42,"23,138",0.568048865,0.50636106
30/03/2021,"1,179.64","33,054.58",0.66,"23,138",0.850474843,-0.185762254
29/03/2021,"1,169.65","33,116.04",1.34,"23,131",0.595107143,-0.035746677
26/03/2021,"1,162.71","33,127.88",2.11,"23,131",-0.146103364,0.121814523
25/03/2021,"1,164.41","33,087.55",2.3,"23,117",-0.429337843,1.23610675
24/03/2021,"1,169.42","32,681.07",2.86,"23,135",-1.768067416,1.028060407
23/03/2021,"1,190.28","32,346.81",2.09,"23,135",-0.817464903,-0.382828057
22/03/2021,"1,200.05","32,470.88",2.08,"23,135",0.382380909,-0.677141759
19/03/2021,"1,195.47","32,691.50",2.52,"23,137",-0.094478848,0.274699024
18/03/2021,"1,196.60","32,601.82",1.68,"23,146",1.512297056,-0.783808762
17/03/2021,"1,178.64","32,858.36",0.6,"23,158",-0.530559092,-0.212201607
16/03/2021,"1,184.91","32,928.16",0.33,"23,160",0.08611956,0.312195708
15/03/2021,"1,183.89","32,825.52",0.14,"23,160",-0.111434734,-0.429321612
12/3/2021,"1,185.21","32,966.75",0.11,"23,160",1.284785154,0.510632885
11/3/2021,"1,170.08","32,798.84",0.11,"23,154",0.533005538,1.03106524
10/3/2021,"1,163.86","32,462.40",0.1,"23,151",0.24948181,0.332938168
9/3/2021,"1,160.96","32,354.50",0.1,"23,170",-1.654681133,1.392894702
8/3/2021,"1,180.33","31,906.96",0.1,"23,160",1.376849417,0.045799869
5/3/2021,"1,164.19","31,892.35",0.1,"23,160",-2.342242162,1.199298337
4/3/2021,"1,191.78","31,512.15",0.1,"23,176",0.593308733,1.544513368
3/3/2021,"1,184.73","31,029.18",0.11,"23,168",-0.960152532,-0.833886561
2/3/2021,"1,196.16","31,289.01",0.11,"23,149",1.620707257,-0.204176281
1/3/2021,"1,176.93","31,352.96",0.1,"23,145",2.41217985,-0.580109256
26/02/2021,"1,148.88","31,535.37",0.1,"23,162",-1.819055269,1.499901843
25/02/2021,"1,169.97","31,065.90",0.1,"23,179",-1.219066276,-1.073822027
24/02/2021,"1,184.32","31,401.29",0.11,"23,179",0.826664705,-1.750910416
23/02/2021,"1,174.57","31,955.94",0.11,"23,178",0.085173802,1.437846974
22/02/2021,"1,173.57","31,499.75",0.11,"23,176",1.107019214,-0.006793474
19/02/2021,"1,160.65","31,501.89",0.11,"23,174",0.306331811,0.384110584
18/02/2021,"1,157.10","31,381.12",0.13,"23,158",2.594955985,-0.391221016
17/02/2021,"1,127.46","31,504.13",0.15,"23,160",3.298260508,-0.17274867
9/2/2021,"1,090.88","31,558.60",0.15,"23,161",-3.262776236,0.231551899
8/2/2021,"1,127.06","31,485.61",0.13,"23,167",1.094642596,0.042981247
5/2/2021,"1,114.79","31,472.08",0.13,"23,179",0.163392861,0.163070959
4/2/2021,"1,112.97","31,420.80",0.12,"23,179",2.557195361,-0.145307607
3/2/2021,"1,084.87","31,466.49",0.12,"23,183",4.517645207,0.122331837
2/2/2021,"1,036.95","31,428.02",0.11,"23,182",-1.878195795,0.217048274
1/2/2021,"1,056.61","31,359.88",0.11,"23,190",5.673706603,0.539336519
29/01/2021,998.33,"31,191.20",0.11,"23,196",-4.253498966,0.312723974
28/01/2021,"1,041.71","31,093.81",0.11,"23,196",-7.461456559,1.151624711
27/01/2021,"1,122.41","30,737.78",0.11,"23,200",-3.721717637,0.156705269
26/01/2021,"1,164.97","30,689.65",0.1,"23,217",0.066117976,1.354107925
25/01/2021,"1,164.20","30,276.88",0.1,"23,214",-0.220509148,0.736433203
22/01/2021,"1,166.77","30,054.73",0.1,"23,218",1.721147418,-1.647261141
21/01/2021,"1,146.86","30,553.91",0.11,"23,214",0.907440885,0.580066651
20/01/2021,"1,136.50","30,377.19",0.11,"23,214",-4.59243097,-1.686287132
19/01/2021,"1,189.91","30,893.78",0.1,"23,221",-0.743504074,-0.241730424
18/01/2021,"1,198.79","30,968.55",0.11,"23,229",0.833467296,-0.068755813
15/01/2021,"1,188.84","30,989.85",0.11,"23,237",-0.053819504,-0.488352997
14/01/2021,"1,189.48","31,141.56",0.11,"23,236",-0.656948902,-0.181104924
13/01/2021,"1,197.32","31,198.01",0.11,"23,241",0.581314197,0.58014598
12/1/2021,"1,190.38","31,017.54",0.11,"23,241",1.175415438,0.420386966
11/1/2021,"1,176.47","30,887.42",0.1,"23,242",1.057017323,-0.127317062
8/1/2021,"1,164.10","30,926.77",0.1,"23,244",1.457176552,-0.512478941
7/1/2021,"1,147.26","31,085.67",0.1,"23,237",0.712045626,0.002541396
6/1/2021,"1,139.12","31,084.88",0.1,"23,231",1.964532525,0.225024648
5/1/2021,"1,116.96","31,015.01",0.11,"23,230",0.286005225,-0.001160722
4/1/2021,"1,113.77","31,015.37",0.1,"23,230",1.403265312,-0.174631739
31/12/2020,"1,098.25","31,069.58",0.1,"23,218",-0.139215593,0.543483457
30/12/2020,"1,099.78","30,901.18",0.11,"23,206",0.848302329,1.757685469
29/12/2020,"1,090.49","30,362.78",0.11,"23,197",-0.355171872,0.523487323
28/12/2020,"1,094.37","30,204.25",0.11,"23,204",2.361426296,-1.391467572
25/12/2020,"1,068.83","30,627.47",0.11,"23,194",-1.393647188,0.687461539
24/12/2020,"1,083.83","30,417.64",0.11,"23,194",-0.373897623,0.008383645
23/12/2020,"1,087.89","30,415.09",0.11,"23,199",0.556750173,-0.252778297
22/12/2020,"1,081.85","30,492.07",0.11,"23,204",0.950101646,0.687255586
21/12/2020,"1,071.62","30,283.23",0.11,"23,204",1.492010736,0.421283848
18/12/2020,"1,055.75","30,155.92",0.11,"23,200",-0.952118807,0.362741905
17/12/2020,"1,065.85","30,046.73",0.11,"23,183",0.707096003,-0.509471045
16/12/2020,"1,058.34","30,200.20",0.11,"23,183",-0.347111216,0.136516078
15/12/2020,"1,062.02","30,159.00",0.12,"23,204",1.236402469,-0.513484278
14/12/2020,"1,048.97","30,314.26",0.12,"23,203",1.515762682,0.324664346
11/12/2020,"1,033.19","30,216.00",0.11,"23,200",-0.815489087,0.081513224
10/12/2020,"1,041.65","30,191.38",0.1,"23,185",1.196589696,0.905971497
9/12/2020,"1,029.26","29,919.09",0.1,"23,166",-0.069928714,-0.682247038
8/12/2020,"1,029.98","30,123.91",0.11,"23,166",0.549088182,0.451490417
7/12/2020,"1,024.34","29,988.21",0.1,"23,152",0.444197312,-0.147748906
4/12/2020,"1,019.80","30,032.55",0.1,"23,161",0.301493455,-0.654673015
3/12/2020,"1,016.73","30,229.81",0.1,"23,151",0.785982817,0.769947763
2/12/2020,"1,008.77","29,997.95",0.11,"23,145",2.008598276,-0.780598933
1/12/2020,988.71,"30,233.03",0.1,"23,130",-2.310490527,0.808571423
30/11/2020,"1,011.82","29,989.56",0.1,"23,130",0.509290177,0.229442773
27/11/2020,"1,006.68","29,920.83",0.1,"23,130",0.741807661,0.757318109
26/11/2020,999.24,"29,695.09",0.11,"23,132",-0.115021292,-0.34427851
25/11/2020,"1,000.39","29,797.50",0.1,"23,140",0.384588894,-0.191141983
24/11/2020,996.55,"29,854.51",0.1,"23,125",0.47072637,-0.190142118
23/11/2020,991.87,"29,911.33",0.1,"23,134",0.724486873,-0.492045375
20/11/2020,984.71,"30,058.87",0.1,"23,134",0.95815593,1.045942499
19/11/2020,975.32,"29,746.11",0.1,"23,132",0.6005777,1.399134148
18/11/2020,969.48,"29,332.82",0.1,"23,122",1.450415037,-0.356472404
17/11/2020,955.52,"29,437.57",0.1,"23,137",-1.515377222,0.226668049
16/11/2020,970.11,"29,370.92",0.1,"23,149",1.093462107,-1.703033008
13/11/2020,959.56,"29,875.40",0.1,"23,154",0.584262165,0.252197223
12/11/2020,953.97,"29,800.15",0.1,"23,154",-0.051351112,0.429745429
11/11/2020,954.46,"29,672.36",0.11,"23,144",-0.857532613,1.591371076
10/11/2020,962.68,"29,203.90",0.11,"23,145",2.15565641,-0.095865881
9/11/2020,942.15,"29,231.91",0.11,"23,152",0.257189761,-0.995442579
6/11/2020,939.73,"29,524.35",0.13,"23,151",-0.06276429,0.919321898
5/11/2020,940.32,"29,254.17",0.11,"23,160",0.523530702,-0.727940768
4/11/2020,935.41,"29,467.90",0.11,"23,160",-0.141015118,3.694302441
3/11/2020,936.73,"28,399.13",0.11,"23,147",1.142366488,1.118092469
2/11/2020,926.09,"28,083.37",0.11,"23,144",0.07345396,2.052514487
30/10/2020,925.41,"27,512.83",0.1,"23,142",0.968572641,1.369205633
29/10/2020,916.49,"27,138.69",0.11,"23,147",-2.83242281,1.66234647
28/10/2020,942.82,"26,691.28",0.11,"23,137",-0.842835124,0.446872948
27/10/2020,950.8,"26,572.27",0.11,"23,137",-1.743236104,0.344145138
26/10/2020,967.52,"26,480.98",0.11,"23,144",1.464911124,-2.318595211
23/10/2020,953.45,"27,102.14",0.13,"23,148",1.627307244,-2.005571181
22/10/2020,938.06,"27,651.18",0.14,"23,152",-0.965412066,-1.915061123
21/10/2020,947.16,"28,185.82",0.14,"23,141",0.652489392,-0.790986158
20/10/2020,941,"28,409.65",0.14,"23,136",-0.425236986,0.749839179
19/10/2020,945.01,"28,197.42",0.15,"23,136",0.103756415,-0.259403334
16/10/2020,944.03,"28,270.66",0.15,"23,132",-0.13232346,0.087797359
15/10/2020,945.28,"28,245.85",0.15,"23,134",1.426639793,-1.363256309
14/10/2020,931.89,"28,633.55",0.15,"23,140",0.55201496,0.219669005
13/10/2020,926.76,"28,570.72",0.16,"23,127",-0.432831194,0.869409907
12/10/2020,930.78,"28,323.40",0.16,"23,121",1.221465145,-1.429880272
9/10/2020,919.48,"28,731.30",0.16,"23,121",-0.282369483,-0.117051125
8/10/2020,922.08,"28,764.95",0.16,"23,117",0.921725761,0.326728773
7/10/2020,913.62,"28,671.12",0.18,"23,123",-0.490247907,0.480765366
6/10/2020,918.11,"28,533.61",0.19,"23,121",0.47383105,0.649587297
5/10/2020,913.77,"28,348.86",0.19,"23,131",-0.035013623,1.340568817
2/10/2020,914.09,"27,971.36",0.19,"23,131",0.434158843,-0.864568547
1/10/2020,910.13,"28,214.24",0.19,"23,131",0.638205057,1.387682364
30/09/2020,904.34,"27,825.42",0.19,"23,141",-1.349850532,1.044158874
29/09/2020,916.63,"27,536.39",0.19,"23,148",0.594148906,-1.457349925
28/09/2020,911.2,"27,940.63",0.2,"23,149",0.04610369,1.536367524
25/09/2020,910.78,"27,514.64",0.2,"23,152",0.027452768,-0.165592773
24/09/2020,910.53,"27,560.24",0.19,"23,152",0.171475722,0.721384831
23/09/2020,908.97,"27,362.14",0.18,"23,162",0.338316566,2.470237978
22/09/2020,905.9,"26,694.51",0.18,"23,167",0.154661984,-0.080807934
21/09/2020,904.5,"26,716.09",0.19,"23,154",0.935261013,-2.577323499
18/09/2020,896.08,"27,413.60",0.21,"23,149",-0.154999892,0.891330346
17/09/2020,897.47,"27,170.34",0.22,"23,138",0.004457073,-1.150391289
16/09/2020,897.43,"27,484.71",0.22,"23,138",0.091413799,-1.373690561
15/09/2020,896.61,"27,864.87",0.24,"23,143",0.527817831,0.110199377
14/09/2020,891.89,"27,834.18",0.25,"23,148",0.344806627,-0.707089402
11/9/2020,888.82,"28,031.69",0.25,"23,144",-0.725294781,-0.384786696
10/9/2020,895.29,"28,139.76",0.25,"23,143",1.305268198,1.507480412
9/9/2020,883.68,"27,718.74",0.21,"23,146",-0.893381109,0.379089815
8/9/2020,891.61,"27,613.86",0.2,"23,146",-1.363460018,-1.469029518
7/9/2020,903.85,"28,022.51",0.24,"23,146",0.870068327,1.115304822
4/9/2020,896.02,"27,711.71",0.24,"23,140",-0.248569184,-0.767551372
3/9/2020,898.25,"27,925.23",0.19,"23,137",1.780295805,-1.478070241
1/9/2020,882.4,"28,341.05",0.15,"23,142",0.03060305,-2.610725179
31/08/2020,882.13,"29,090.70",0.14,"23,142",0.379347614,1.224035208
28/08/2020,878.79,"28,736.79",0.15,"23,147",0.732085249,1.039529163
27/08/2020,872.38,"28,439.61",0.15,"23,152",-0.14203897,-0.714923546
26/08/2020,873.62,"28,643.66",0.15,"23,152",0.309537432,0.148030552
25/08/2020,870.92,"28,601.29",0.14,"23,155",1.221084098,0.76237494
24/08/2020,860.35,"28,384.07",0.13,"23,162",1.211469849,0.445571555
21/08/2020,849.99,"28,257.88",0.14,"23,162",-0.143428193,-0.316366399
20/08/2020,851.21,"28,347.42",0.14,"23,164",0.473387601,0.956462763
19/08/2020,847.19,"28,077.58",0.15,"23,165",-0.348781387,1.144262285
18/08/2020,850.15,"27,758.13",0.15,"23,168",0.243783354,0.489159585
17/08/2020,848.08,"27,622.68",0.14,"23,175",-0.729574363,-0.680380025
14/08/2020,854.29,"27,811.26",0.13,"23,179",0.508142505,-0.151693902
13/08/2020,849.96,"27,853.48",0.13,"23,164",0.681170181,-0.417638116
12/8/2020,844.19,"27,970.05",0.13,"23,174",-0.40430366,0.505816776
11/8/2020,847.61,"27,828.93",0.12,"23,184",0.295382794,-0.335704649
10/8/2020,845.11,"27,922.51",0.12,"23,192",0.529139427,0.223259075
7/8/2020,840.65,"27,860.24",0.13,"23,192",0.314536854,-0.363298805
6/8/2020,838.01,"27,961.64",0.15,"23,187",1.257258913,1.70763854
5/8/2020,827.54,"27,488.21",0.12,"23,187",0.56713676,0.607665925
4/8/2020,822.86,"27,321.68",0.13,"23,182",3.210707221,0.553692289
3/8/2020,796.86,"27,170.82",0.13,"23,180",1.146014158,0.909655116
31/07/2020,787.78,"26,924.78",0.15,"23,185",-1.065666651,0.970983413
30/07/2020,796.22,"26,664.61",0.15,"23,185",-0.522357931,0.459677773
29/07/2020,800.39,"26,542.32",0.14,"23,200",1.722670521,0.50230835
28/07/2020,786.72,"26,409.33",0.13,"23,190",-0.938736446,0.158819968
27/07/2020,794.14,"26,367.42",0.15,"23,198",-7.294071025,-0.079687834
24/07/2020,854.23,"26,388.44",0.17,"23,201",-0.080741894,-0.532940122
23/07/2020,854.92,"26,529.45",0.17,"23,201",-0.917501721,0.3087373
22/07/2020,862.8,"26,447.67",0.17,"23,201",-0.132040743,-0.323662994
21/07/2020,863.94,"26,533.41",0.18,"23,198",-0.774822278,-1.580010053
20/07/2020,870.66,"26,955.97",0.16,"23,190",-0.323368819,0.488690839
17/07/2020,873.48,"26,824.56",0.18,"23,187",0.191372266,-0.031980499
16/07/2020,871.81,"26,833.14",0.2,"23,182",-0.113492426,0.646249835
15/07/2020,872.8,"26,660.29",0.23,"23,185",0.896536696,-0.427923148
14/07/2020,865.01,"26,774.62",0.25,"23,185",-1.131137553,0.104818307
13/07/2020,874.85,"26,746.57",0.27,"23,180",0.131537579,-0.979389253
10/7/2020,873.7,"27,009.81",0.33,"23,185",0.693713445,3.640619058
9/7/2020,867.66,"26,044.17",0.38,"23,191",0.683472746,-0.692188072
8/7/2020,861.75,"26,225.07",0.46,"23,196",-0.429595209,2.060038848
7/7/2020,865.46,"25,690.35",0.3,"23,201",1.629688995,-1.562522436
6/7/2020,851.47,"26,094.92",0.28,"23,201",0.73199952,0.556673762
3/7/2020,845.26,"25,950.06",0.33,"23,192",-0.047311524,-0.851659735
2/7/2020,845.66,"26,172.01",0.4,"23,197",2.150286336,0.674476167
1/7/2020,827.67,"25,996.08",0.47,"23,195",-1.087496223,0.229644218
30/06/2020,836.72,"25,936.45",0.41,"23,193",-1.133715455,0.220280262
29/06/2020,846.26,"25,879.38",0.47,"23,198",-1.502376777,1.428072824
26/06/2020,859.07,"25,512.43",0.6,"23,198",0.933252786,1.421047707
25/06/2020,851.09,"25,152.45",0.88,"23,203",-1.990422195,-1.926423521
24/06/2020,868.2,"25,641.69",1.02,"23,205",-0.335763717,1.084059817
23/06/2020,871.12,"25,365.22",1.19,"23,208",-0.050496937,-2.444678778
22/06/2020,871.56,"25,992.96",1.26,"23,212",1.594871112,-0.638247615
19/06/2020,857.77,"26,159.39",1.38,"23,214",0.801788118,1.131441184
18/06/2020,850.92,"25,865.08",1.52,"23,214",-1.183445765,-1.336548938
17/06/2020,861.05,"26,213.10",1.6,"23,213",1.425830192,0.753025554
16/06/2020,848.86,"26,016.45",1.75,"23,215",-2.174429348,-1.199969238
15/06/2020,867.52,"26,330.52",1.97,"23,220",3.003671521,0.0145849
12/6/2020,841.85,"26,326.68",2.13,"23,226",-6.732610338,4.094951905
11/6/2020,900.48,"25,270.39",2.24,"23,223",0.188966631,-1.527740106
10/6/2020,898.78,"25,659.42",2,"23,223",-0.386443869,-2.399294329
9/6/2020,902.26,"26,282.51",2.11,"23,218",1.514300612,-3.621917755
8/6/2020,888.7,"27,251.89",1.94,"23,213",0.598162158,-0.71474763
5/6/2020,883.4,"27,447.37",1.92,"23,200",0.020377897,0.784344999
4/6/2020,883.22,"27,232.93",2.04,"23,191",0.737524295,1.465282285
3/6/2020,876.73,"26,836.80",2.29,"23,196",-0.28474472,2.300411127
2/6/2020,879.23,"26,226.49",2.55,"23,196",1.173792221,1.226139819
1/6/2020,868.97,"25,906.88",2.49,"23,193",0.852908277,1.259926473
29/05/2020,861.59,"25,582.52",1.75,"23,198",0.304552242,0.940714257
28/05/2020,858.97,"25,342.99",1.59,"23,203",-1.175871427,0.07436773
27/05/2020,869.13,"25,324.15",1.63,"23,208",0.885247894,-1.462977699
26/05/2020,861.47,"25,697.36",1.77,"23,206",0.999792505,1.563801882
25/05/2020,852.9,"25,298.63",1.7,"23,206",-0.746415955,2.06391172
22/05/2020,859.29,"24,781.84",1.74,"23,211",0.508687263,1.29910514
21/05/2020,854.93,"24,461.98",1.93,"23,203",1.374426149,-0.417287263
20/05/2020,843.26,"24,564.27",2.33,"23,205",-1.047549983,0.44198169
19/05/2020,852.14,"24,455.94",2.7,"23,207",2.935380999,-0.495744531
18/05/2020,827.49,"24,577.48",3.2,"23,206",-0.953756982,2.128069722
15/05/2020,835.42,"24,059.98",3.56,"23,206",0.534089928,2.547343546
14/05/2020,830.97,"23,454.83",3.53,"23,203",-0.522119185,1.745145613
13/05/2020,835.32,"23,049.06",3.27,"23,195",0.965958636,-2.794119553
12/5/2020,827.29,"23,702.16",2.44,"23,200",1.09751641,-2.461547349
11/5/2020,818.26,"24,292.84",2.19,"23,205",2.216848682,0.149909532
8/5/2020,800.32,"24,256.45",2.07,"23,205",1.922602427,0.614629221
7/5/2020,785.08,"24,107.82",1.9,"23,208",2.290776423,1.128846404
6/5/2020,767.3,"23,837.21",1.86,"23,213",0.533153394,-0.592563777
5/5/2020,763.22,"23,978.88",1.87,"23,211",-0.381859542,0.083441534
4/5/2020,766.14,"23,958.88",1.89,"23,212",-0.319274671,1.587440096
29/04/2020,768.59,"23,581.55",1.86,"23,210",-0.612233575,-2.260908302
28/04/2020,773.31,"24,120.78",1.95,"23,210",-0.944690286,-1.908597582
27/04/2020,780.65,"24,585.57",2.02,"23,200",0.432626017,0.387970641
24/04/2020,777.28,"24,490.37",2.11,"23,204",1.081371293,0.545371702
23/04/2020,768.92,"24,357.17",2.24,"23,209",2.118734461,2.036512502
22/04/2020,752.8,"23,866.15",2.33,"23,214",-5.450478982,1.001853019
21/04/2020,794.97,"23,628.24",2.48,"23,212",-0.150835279,0.361024769
20/04/2020,796.17,"23,543.09",2.44,"23,212",1.163530968,0.450188211
17/04/2020,786.96,"23,437.34",2.37,"23,215",1.775608002,0.308060118
16/04/2020,773.11,"23,365.25",2.22,"23,217",0.656650598,-3.075862446
15/04/2020,768.05,"24,095.10",2.01,"23,217",-0.124913813,1.160259091
14/04/2020,769.01,"23,817.15",1.96,"23,215",0.785904828,1.154933963
13/04/2020,762.99,"23,543.66",1.99,"23,200",0.513775135,-0.242065026
10/4/2020,759.08,"23,600.72",2.03,"23,200",1.059500296,-0.379985863
9/4/2020,751.08,"23,690.57",2.05,"23,203",1.482144481,-0.035282078
8/4/2020,740.03,"23,698.93",2.02,"23,208",-0.66532232,0.03490218
7/4/2020,744.97,"23,690.66",2.1,"23,214",3.935656678,3.422916058
6/4/2020,716.22,"22,893.47",2.39,"23,207",4.031483023,-2.77406278
3/4/2020,687.92,"23,537.44",2.51,"23,213",4.32525538,8.157367579
1/4/2020,658.8,"21,693.63",2.21,"23,213",-1.646957907,1.8972378
31/03/2020,669.74,"21,285.93",2.09,"23,212",0.874297925,2.215816482
30/03/2020,663.91,"20,819.46",2.07,"23,216",-4.221940001,-1.940373158
27/03/2020,692.54,"21,227.38",1.9,"23,211",0.512472711,-4.517963842
26/03/2020,689,"22,208.42",1.88,"23,216",2.832183176,2.416342637
25/03/2020,669.76,"21,678.22",1.91,"23,211",0.4744275,-1.010870149
24/03/2020,666.59,"21,898.47",2,"23,221",-4.140569128,1.983561645
23/03/2020,694.77,"21,468.38",2.05,"23,220",-4.747540192,1.96644429
20/03/2020,728.55,"21,050.34",2.21,"23,221",-0.52022843,6.517231424
19/03/2020,732.35,"19,722.19",2.29,"23,231",-2.034197529,3.58138999
18/03/2020,747.4,"19,028.36",2.25,"23,234",3.171244426,-6.237983913
17/03/2020,724.07,"20,253.15",2.33,"23,235",-4.616463778,2.111389019
16/03/2020,758.28,"19,830.01",2.6,"23,235",1.023311599,-1.79260998
13/03/2020,750.56,"20,188.69",2.81,"23,221",-3.598404745,-1.46704326
12/3/2020,778.06,"20,487.05",3.1,"23,226",-8.077997041,-2.079458418
11/3/2020,843.52,"20,917.53",3.15,"23,216",3.583211345,-4.926418135
10/3/2020,813.83,"21,973.82",3.08,"23,220",-7.338625538,-0.95515681
9/3/2020,875.8,"22,184.71",2.85,"23,216",-1.491448576,-10.35313238
6/3/2020,888.96,"24,604.63",3.15,"23,216",-0.420953997,0.618172883
5/3/2020,892.71,"24,453.00",3.16,"23,221",0.545897029,-2.181727038
4/3/2020,887.85,"24,992.36",2.89,"23,218",-0.845656775,-1.84288253
3/3/2020,895.39,"25,457.21",2.58,"23,222",1.912315437,-4.661232314
2/3/2020,878.43,"26,671.92",0.82,"23,227",-0.798235431,1.086568942
28/02/2020,885.47,"26,383.68",0.71,"23,230",-0.751570239,-1.425489576
27/02/2020,892.15,"26,762.47",0.74,"23,225",-1.043685533,4.477895331
26/02/2020,901.51,"25,590.51",0.75,"23,235",0.842129001,1.25708135
25/02/2020,893.95,"25,270.83",0.79,"23,229",-2.599183549,-4.847461794
24/02/2020,917.49,"26,526.00",0.93,"23,229",-2.224685147,-2.360003624
21/02/2020,938.13,"27,159.46",1.1,"23,232",0.47440548,-3.18228295
20/02/2020,933.69,"28,037.65",1.31,"23,232",0.782757612,-1.294405905
19/02/2020,926.41,"28,402.93",1.99,"23,230",-0.866262242,-2.58435574
18/02/2020,934.47,"29,146.53",2.44,"23,228",-0.432464275,-0.512365522
17/02/2020,938.52,"29,296.25",1.43,"23,241",-0.080945792,-0.056134773
14/02/2020,939.28,"29,312.70",1.3,"23,241",0.222758783,0.102123927
13/02/2020,937.19,"29,282.78",1.52,"23,234",-0.375950302,-0.537062847
12/2/2020,940.72,"29,440.47",1.54,"23,234",1.067631504,0.015082418
11/2/2020,930.73,"29,436.03",1.68,"23,239",-0.391398326,0.099519439
10/2/2020,934.38,"29,406.75",1.71,"23,240",-0.451684973,0.054560181
7/2/2020,938.61,"29,390.71",1.82,"23,249",1.281333372,1.35324744
6/2/2020,926.66,"28,995.66",2.02,"23,239",-0.869239011,-0.999483635
5/2/2020,934.75,"29,286.92",2.45,"23,222",0.571837818,-0.346516354
4/2/2020,929.42,"29,388.58",2.8,"23,222",1.38895636,1.16313989
3/2/2020,916.6,"29,048.73",3.14,"23,212",-4.582451666,1.219123715
31/01/2020,959.58,"28,696.74",3.38,"23,222",-1.609561659,1.322761747
30/01/2020,975.15,"28,319.65",3.65,"23,232",-1.159229363,-1.727215245
22/01/2020,986.52,"28,813.04",3.9,"23,240",0.783583441,0.601813378
21/01/2020,978.82,"28,640.16",4.17,"23,245",0.060294833,-0.627805174
20/01/2020,978.23,"28,820.53",4.15,"23,245",0.199538569,0.788128259
17/01/2020,976.28,"28,594.28",4.09,"23,244",0.934413121,0.181284361
16/01/2020,967.2,"28,542.49",4.12,"23,246",-0.050648875,-2.381506728
15/01/2020,967.69,"29,230.39",4.16,"23,251",0.147883892,0.409212484
14/01/2020,966.26,"29,111.02",4.14,"23,256",-0.065178597,-0.52286514
13/01/2020,966.89,"29,263.63",4.21,"23,261",0.593344272,-0.018519569
10/1/2020,961.17,"29,269.05",4.28,"23,261",0.763438223,-0.151103535
9/1/2020,953.86,"29,313.31",3.93,"23,271",-0.028302035,0.620616906
8/1/2020,954.13,"29,131.95",3.64,"23,260",-0.173829314,0.793163311
7/1/2020,955.79,"28,901.80",3.82,"23,270",-0.729709583,0.021800326
6/1/2020,962.79,"28,895.50",4.55,"23,257",-0.614029296,0.091717222
3/1/2020,968.72,"28,869.01",3.81,"23,242",0.877153132,-0.375165554
2/1/2020,960.26,"28,977.52",3.81,"23,242",-0.565950098,0.434208212
31/12/2019,965.71,"28,851.97",3.34,"23,247",0.29244032,1.030630058
30/12/2019,962.89,"28,556.14",2.35,"23,249",0.540460237,-0.290373612
27/12/2019,957.7,"28,639.18",2.1,"23,259",-0.309638117,0.608288272
26/12/2019,960.67,"28,465.50",1.72,"23,265",0.259530594,-0.30807391
25/12/2019,958.18,"28,553.33",1.73,"23,263",-0.130370636,-0.299481098
24/12/2019,959.43,"28,638.97",1.82,"23,263",-0.012506644,0.786387245
23/12/2019,959.55,"28,414.64",1.9,"23,253",0.627256251,-0.841506716
20/12/2019,953.55,"28,654.76",1.99,"23,244",0.308797825,-0.07179475
19/12/2019,950.61,"28,675.34",2.02,"23,245",-0.095682216,0.474982891
18/12/2019,951.52,"28,539.46",1.72,"23,252",-1.146297054,-0.115947564
17/12/2019,962.49,"28,572.57",2.05,"23,262",-0.364015771,0.283154207
16/12/2019,966,"28,491.78",2.11,"23,262",-0.35444357,-0.409314548
13/12/2019,969.43,"28,608.64",2.23,"23,265",0.624995567,1.161369041
12/12/2019,963.39,"28,278.31",1.97,"23,254",0.291063522,-0.04642057
11/12/2019,960.59,"28,291.44",1.74,"23,262",-0.553333603,0.246632814
10/12/2019,965.92,"28,221.75",1.51,"23,247",0.208308579,0.106641302
9/12/2019,963.91,"28,191.67",1.67,"23,257",0.158854619,0.241604044
6/12/2019,962.38,"28,123.64",2.11,"23,262",-0.685522883,0.804331495
5/12/2019,969,"27,898.34",2.29,"23,272",1.716400626,0.111287157
4/12/2019,952.51,"27,867.31",1.81,"23,272",-0.512067132,-0.119566877
3/12/2019,957.4,"27,900.65",1.61,"23,272",-1.453764158,-0.309191714
2/12/2019,971.42,"27,987.05",1.61,"23,261",0.032946894,0.527956204
29/11/2019,971.1,"27,839.68",1.66,"23,256",-0.673251173,0.372933005
28/11/2019,977.66,"27,736.05",1.7,"23,246",-0.134925198,0.366331472
27/11/2019,978.98,"27,634.63",1.71,"23,238",0.269008463,0.48116943
26/11/2019,976.35,"27,501.98",1.69,"23,241",-0.153515535,-2.185813342
25/11/2019,977.85,"28,109.74",1.69,"23,241",-1.510243971,0.023410997
22/11/2019,992.73,"28,103.16",1.72,"23,236",-0.66663567,-0.189514279
21/11/2019,999.37,"28,156.47",1.76,"23,227",-0.979804511,0.269288012
20/11/2019,"1,009.21","28,080.75",1.8,"23,223",0.62820146,0.582088456
19/11/2019,"1,002.89","27,917.77",1.89,"23,216",-0.70942014,0.310463217
18/11/2019,"1,010.03","27,831.23",1.98,"23,221",-0.286708782,0.039352032
15/11/2019,"1,012.93","27,820.28",2.02,"23,221",-0.090784403,-0.212819401
14/11/2019,"1,013.85","27,879.55",2.05,"23,235",-0.513548145,-0.715558695
13/11/2019,"1,019.07","28,079.76",2.1,"23,225",0.206282857,0.308669412
12/11/2019,"1,016.97","27,993.22",2.17,"23,230",-0.622462542,0.536135544
11/11/2019,"1,023.32","27,843.54",2.19,"23,234",-0.357021303,0.310571656
8/11/2019,"1,026.98","27,757.20",2.2,"23,239",0.340410088,0.488126122
7/11/2019,"1,023.49","27,622.04",1.74,"23,239",0.005862467,-0.287580749
6/11/2019,"1,023.43","27,701.59",2.02,"23,232",0.064509825,0.43750098
5/11/2019,"1,022.77","27,580.66",2.08,"23,235",0.369287852,-0.381929164
4/11/2019,"1,019.00","27,686.20",2.05,"23,230",2.000245099,0.347490669
1/11/2019,998.82,"27,590.16",2.07,"23,235",-0.207030093,0.317355134
31/10/2019,"1,000.89","27,502.74",2.08,"23,235",0.406463928,0.00912678
30/10/2019,996.83,"27,500.23",2.16,"23,245",-0.094254494,0.357617522
29/10/2019,997.77,"27,402.06",2.21,"23,250",-0.050099197,0.95008489
28/10/2019,998.27,"27,142.95",2.39,"23,260",0.437712151,-0.167196418
25/10/2019,993.91,"27,188.37",2.49,"23,259",0.510400753,0.286045557
24/10/2019,988.85,"27,110.71",2.59,"23,252",0.183208631,0.183268905
23/10/2019,987.04,"27,061.07",2.84,"23,252",0.35725923,0.076670848
22/10/2019,983.52,"27,040.33",2.96,"23,242",-0.472689423,0.931532946
21/10/2019,988.18,"26,789.61",3.19,"23,232",-0.38582399,-0.388648481
18/10/2019,992,"26,893.93",3.35,"23,227",-0.305983007,0.218466145
17/10/2019,995.04,"26,835.24",3.63,"23,222",-0.071328471,-0.056588659
16/10/2019,995.75,"26,850.43",3.72,"23,212",0.221183421,-0.008342163
15/10/2019,993.55,"26,852.67",4.08,"23,212",-0.106631267,-0.563789112
14/10/2019,994.61,"27,004.49",4.4,"23,197",0.609124605,-0.103225825
11/10/2019,988.57,"27,032.38",4.75,"23,198",-0.024274545,0.222462252
10/10/2019,988.81,"26,972.31",5,"23,190",0.100170501,0.599107354
9/10/2019,987.82,"26,811.20",4.04,"23,195",0.426085131,0.167122026
8/10/2019,983.62,"26,766.43",4.75,"23,197",-0.590958959,0.270217706
7/10/2019,989.45,"26,694.20",5.04,"23,197",-0.427605359,1.421789585
4/10/2019,993.69,"26,317.35",3.99,"23,203",0.812396478,0.034659951
3/10/2019,985.65,"26,308.23",3.28,"23,204",-1.363362059,0.120338926
2/10/2019,999.18,"26,276.59",3.07,"23,209",0.131193529,-0.855422493
1/10/2019,997.87,"26,502.33",3.1,"23,219",-0.205226848,0.874033945
30/09/2019,999.92,"26,271.70",3.05,"23,224",0.769010606,0.889613198
27/09/2019,992.26,"26,039.02",3.01,"23,224",0.359422081,-1.474689394
26/09/2019,988.7,"26,425.86",2.95,"23,234",0.277516307,-2.010541909
25/09/2019,985.96,"26,962.54",2.95,"23,239",-0.037519838,0.409589967
24/09/2019,986.33,"26,852.33",2.98,"23,245",-0.548007519,-0.501230721
23/09/2019,991.75,"26,987.26",3.03,"23,243",-0.588133497,-0.062417385
20/09/2019,997.6,"27,004.11",3.06,"23,239",0.211731612,0.51011029
19/09/2019,995.49,"26,866.71",3.01,"23,239",-0.026114381,-0.620994864
18/09/2019,995.75,"27,034.07",3.01,"23,234",0.573067471,0.677809917
17/09/2019,990.06,"26,851.45",3.07,"23,228",0.302458845,-0.929434423
16/09/2019,987.07,"27,102.18",3.04,"23,214",1.120665375,-0.308980664
13/09/2019,976.07,"27,186.05",2.93,"23,218",0.37773466,0.407877688
12/9/2019,972.39,"27,075.39",2.89,"23,215",0.288365682,0.241358662
11/9/2019,969.59,"27,010.12",2.88,"23,215",-0.517434971,-0.502030555
10/9/2019,974.62,"27,146.06",2.74,"23,206",0.009234795,-0.259773708
9/9/2019,974.53,"27,216.67",2.7,"23,208",-0.33805273,0.071121419
6/9/2019,977.83,"27,197.32",2.67,"23,217",-0.204325643,0.994994479
5/9/2019,979.83,"26,928.05",2.7,"23,211",0.190009251,0.454909308
4/9/2019,977.97,"26,805.83",2.69,"23,201",-0.694942575,-0.225070644
3/9/2019,984.79,"26,866.23",2.75,"23,201",0.46207793,0.283209226
30/08/2019,980.25,"26,790.25",2.8,"23,201",0.212416211,0.700838552
29/08/2019,978.17,"26,603.15",2.74,"23,196",0.109447811,1.138502811
28/08/2019,977.1,"26,301.99",2.78,"23,206",-0.940198326,0.395160537
27/08/2019,986.33,"26,198.26",2.93,"23,201",0.256835985,-1.056039612
26/08/2019,983.8,"26,476.39",3.06,"23,196",-1.454105066,0.86220707
23/08/2019,998.21,"26,249.09",3.07,"23,196",0.180485555,2.063501009
22/08/2019,996.41,"25,712.99",3.09,"23,185",1.216713567,-1.165622559
21/08/2019,984.36,"26,014.46",3.08,"23,170",0.042676422,0.726886482
20/08/2019,983.94,"25,826.05",3.14,"23,158",-0.010162705,-1.186151159
19/08/2019,984.04,"26,134.21",3.19,"23,155",0.935216013,-0.524484633
16/08/2019,974.88,"26,271.64",3.22,"23,157",1.741441782,0.481829347
15/08/2019,958.05,"26,145.36",3.21,"23,157",-1.843965936,0.223999763
14/08/2019,975.88,"26,086.86",3.25,"23,156",0.326391816,0.256396028
13/08/2019,972.7,"26,020.06",3.41,"23,158",-0.275142878,1.32265644
12/8/2019,975.38,"25,678.17",3.6,"23,157",-0.105544151,0.640409499
9/8/2019,976.41,"25,514.25",3.88,"23,162",1.079121235,-2.020773979
8/8/2019,965.93,"26,035.08",4.05,"23,166",-0.129325302,0.563132651
7/8/2019,967.18,"25,888.88",4.15,"23,166",0.714929866,-1.07967446
6/8/2019,960.29,"26,169.91",3.94,"23,173",-2.90544787,-0.636793437
5/8/2019,988.6,"26,337.09",3.81,"23,165",0.106267247,0.955950604
2/8/2019,987.55,"26,086.52",3.62,"23,174",-0.575526629,1.049320293
1/8/2019,993.25,"25,814.22",3.32,"23,167",0.732604009,0.013946774
31/07/2019,986,"25,810.62",3.12,"23,157",-1.555785962,-1.723151114
30/07/2019,"1,001.46","26,259.23",3.11,"23,157",0.7245646,-1.020811173
29/07/2019,994.23,"26,528.66",3.12,"23,150",-0.057314371,-1.315164929
26/07/2019,994.8,"26,879.86",3.12,"23,155",0.802365973,-1.348059834
25/07/2019,986.85,"27,244.67",3.11,"23,167",-0.622268229,0.365067111
24/07/2019,993.01,"27,145.39",3.09,"23,169",1.178099009,-0.172440394
23/07/2019,981.38,"27,192.24",3.16,"23,169",0.021400729,0.096544708
22/07/2019,981.17,"27,166.00",3.21,"23,162",0.311337522,-0.299154531
19/07/2019,978.12,"27,247.39",3.26,"23,163",-0.106269936,-0.054485787
18/07/2019,979.16,"27,262.24",3.17,"23,164",-0.237676393,0.111498321
17/07/2019,981.49,"27,231.86",3.1,"23,159",0.658307344,0.212035361
16/07/2019,975.05,"27,174.18",3.1,"23,160",-0.053316383,-0.265341049
15/07/2019,975.57,"27,246.38",3.16,"23,160",-0.46428947,0.199859136
12/7/2019,980.11,"27,191.98",3.27,"23,163",0.32293366,-0.47302662
11/7/2019,976.95,"27,320.91",3.29,"23,158",0.591334995,-0.103932259
10/7/2019,971.19,"27,349.32",2.76,"23,162",0.614534863,-0.056183052
9/7/2019,965.24,"27,364.69",2.53,"23,155",-0.783257447,0.826363341
8/7/2019,972.83,"27,139.49",2.85,"23,160",-0.021584176,0.700062852
5/7/2019,973.04,"26,950.16",3.11,"23,160",1.163945703,0.365041783
4/7/2019,961.78,"26,851.96",3.15,"23,165",0.139422149,0.473486935
3/7/2019,960.44,"26,725.12",3.1,"23,163",-0.449821817,-0.412690772
2/7/2019,964.77,"26,835.64",3.08,"23,163",0.608207979,-0.119582782
1/7/2019,958.92,"26,867.75",3.08,"23,167",1.51202019,0.131955154
28/06/2019,944.53,"26,832.32",3.14,"23,164",-1.570402177,0.421237237
27/06/2019,959.48,"26,719.53",3.15,"23,164",-0.067722092,-0.322576164
26/06/2019,960.13,"26,805.86",3.08,"23,167",-0.110340819,0.748639706
25/06/2019,961.19,"26,605.93",3.12,"23,159",0.093677797,0.30946963
24/06/2019,960.29,"26,523.72",3.3,"23,156",-0.24961271,-0.284998406
21/06/2019,962.69,"26,599.42",3.47,"23,157",1.381698297,-0.495734925
20/06/2019,949.48,"26,731.61",3.56,"23,162",0.058997052,0.014964678
19/06/2019,948.92,"26,727.61",3.56,"23,162",0.336737974,-0.08044621
18/06/2019,945.73,"26,749.12",3.59,"23,158",-0.867510836,0.313548076
17/06/2019,953.97,"26,665.38",3.72,"23,157",0.55923031,0.659275156
14/06/2019,948.65,"26,490.16",3.88,"23,157",-0.274750029,0.991224951
13/06/2019,951.26,"26,228.88",3.93,"23,154",-0.977066763,0.459901291
12/6/2019,960.6,"26,108.53",3.97,"23,151",-0.190324701,0.123292409
11/6/2019,962.43,"26,076.36",3.79,"23,151",-0.140171655,0.151285785
10/6/2019,963.78,"26,036.94",3.31,"23,148",1.267624078,-0.01290391
7/6/2019,951.64,"26,040.30",2.74,"23,139",0.024171724,-0.53729585
6/6/2019,951.41,"26,180.59",2.29,"23,135",-0.460359137,0.345776505
5/6/2019,955.8,"26,090.22",2.84,"23,140",1.070788912,1.239917819
4/6/2019,945.62,"25,768.72",3.24,"23,144",-0.838252592,0.784129518
3/6/2019,953.58,"25,567.45",3.59,"23,144",-1.555613517,0.456502313
31/05/2019,968.53,"25,451.00",3.89,"23,145",-0.25573088,1.936751707
30/05/2019,971.01,"24,962.82",4.08,"23,139",-0.23658668,0.532847457
29/05/2019,973.31,"24,830.16",4.33,"23,139",-0.380448896,-0.866746797
28/05/2019,977.02,"25,046.31",4.2,"23,130",0.645875689,-0.373130523
27/05/2019,970.73,"25,139.94",4.26,"23,133",-0.60185462,-0.363381207
24/05/2019,976.59,"25,231.46",4.25,"23,133",-0.552439639,-1.514699838
23/05/2019,982,"25,616.55",4.49,"23,134",-0.473419352,0.255943254
22/05/2019,986.66,"25,551.07",4.31,"23,129",-0.304605236,-0.417582964
21/05/2019,989.67,"25,657.99",4.06,"23,135",1.396019863,-0.623471587
20/05/2019,975.95,"25,818.46",4.07,"23,135",-0.194492845,0.139997852
17/05/2019,977.85,"25,782.34",4.07,"23,138",0.091057449,0.493919369
16/05/2019,976.96,"25,655.31",4.25,"23,138",0.92652765,-0.251638762
15/05/2019,967.95,"25,719.95",4.29,"23,145",1.647885296,0.108184681
14/05/2019,952.13,"25,692.14",4.31,"23,145",0.002100576,1.143081643
13/05/2019,952.11,"25,400.13",4.3,"23,149",0.182919188,0.063405599
10/5/2019,950.37,"25,384.03",4.55,"23,152",-0.030509777,-0.722368014
9/5/2019,950.66,"25,568.06",4.56,"23,155",0.058923801,-0.762338448
8/5/2019,950.1,"25,763.72",4.46,"23,155",-1.172969538,-0.445873204
7/5/2019,961.31,"25,878.85",3.65,"23,155",-0.31781008,-0.212071883
6/5/2019,964.37,"25,933.79",3.32,"23,154",-1.27761714,-1.314347462
3/5/2019,976.77,"26,276.90",3.16,"23,148",-0.208633831,0.443499962
2/5/2019,978.81,"26,160.62",3.09,"23,153",0.609736117,-0.831831969
26/04/2019,972.86,"26,379.14",3.07,"23,154",-0.369359991,-0.106126051
25/04/2019,976.46,"26,407.15",3.13,"23,154",0.698829227,-0.874375295
24/04/2019,969.66,"26,639.06",3.26,"23,159",0.498321011,0.167187617
23/04/2019,964.84,"26,594.56",3.41,"23,157",0.109923169,0.130525358
22/04/2019,963.78,"26,559.87",3.72,"23,150",-0.464792121,0.397061778
19/04/2019,968.27,"26,454.62",3.83,"23,150",-0.126950068,0.106843698
18/04/2019,969.5,"26,426.37",3.83,"23,154",-0.788016427,-0.852283078
17/04/2019,977.17,"26,652.56",3.86,"23,154",0.646806222,0.521872239
16/04/2019,970.87,"26,513.83",3.87,"23,157",-1.410382719,0.011541813
12/4/2019,984.66,"26,510.77",4.04,"23,156",0.020313643,0.178955289
11/4/2019,984.46,"26,463.37",4.06,"23,157",-0.033515298,-0.01949675
10/4/2019,984.79,"26,468.53",4.13,"23,155",-1.521685246,-0.051595145
9/4/2019,999.89,"26,482.19",4.12,"23,159",1.068808405,0.281452522
8/4/2019,989.26,"26,407.76",3.88,"23,159",0.237833902,0.189403939
5/4/2019,986.91,"26,357.79",4.21,"23,161",-0.05672667,0.645455748
4/4/2019,987.47,"26,188.21",4.29,"23,163",0.276846963,0.055383761
3/4/2019,984.74,"26,173.71",4.18,"23,165",-1.023442842,-0.266439164
2/4/2019,994.87,"26,243.54",4.18,"23,161",1.428429404,-0.263070872
1/4/2019,980.76,"26,312.67",4.05,"23,160",-0.466912669,-0.435683279
29/03/2019,985.35,"26,427.56",4.14,"23,160",1.216071838,0.813591165
28/03/2019,973.44,"26,213.42",4.16,"23,155",-0.331263668,-0.093839167
27/03/2019,976.67,"26,238.03",4.32,"23,145",0.678059246,0.093343239
26/03/2019,970.07,"26,213.55",4.4,"23,150",-0.663723797,0.529561668
25/03/2019,976.53,"26,075.10",4.49,"23,137",-0.853464136,0.954837676
22/03/2019,984.9,"25,827.31",4.72,"23,142",-2.032210317,0.520142328
21/03/2019,"1,005.12","25,693.32",4.83,"23,142",0.225101939,0.066109064
20/03/2019,"1,002.86","25,676.34",4.78,"23,147",-1.080040847,0.104352783
19/03/2019,"1,013.75","25,649.56",4.82,"23,143",0.954479041,0.621195311
18/03/2019,"1,004.12","25,490.72",4.82,"23,135",-0.42930463,-1.378915192
15/03/2019,"1,008.44","25,844.65",5.19,"23,130",0.205478505,0.606253102
14/03/2019,"1,006.37","25,688.44",5.23,"23,133",0.260681102,-0.695748015
13/03/2019,"1,003.75","25,867.79",5.12,"23,133",1.264246947,-0.463132528
12/3/2019,991.14,"25,987.87",4.96,"23,138",0.830771515,0.718253321
11/3/2019,982.94,"25,801.88",4.86,"23,130",-0.502327487,0.314113378
8/3/2019,987.89,"25,720.96",4.74,"23,135",-0.782443469,0.111449838
7/3/2019,995.65,"25,692.31",4.84,"23,132",0.265505572,0.214613344
6/3/2019,993.01,"25,637.23",4.68,"23,138",0.295498654,0.144152173
5/3/2019,990.08,"25,600.30",4.52,"23,138",0.666811012,1.544266571
4/3/2019,983.5,"25,208.00",3.38,"23,140",1.273967756,-0.551396718
1/3/2019,971.05,"25,347.38",3.55,"23,146",-1.916535363,-1.169079633
28/02/2019,989.84,"25,645.45",3.58,"23,139",0.023238779,-0.673519151
27/02/2019,989.61,"25,818.76",3.59,"23,133",-0.203912772,-0.039924234
26/02/2019,991.63,"25,829.07",3.66,"23,133",-0.44574429,-1.128454288
25/02/2019,996.06,"26,122.19",3.87,"23,133",1.219176234,0.393235424
22/02/2019,983.99,"26,019.67",4.03,"23,129",1.141666419,0.136105067
21/02/2019,972.82,"25,984.28",3.85,"23,130",0.984456148,-0.043555315
20/02/2019,963.29,"25,995.60",3.89,"23,114",0.046725819,-0.215227758
19/02/2019,962.84,"26,051.61",4.02,"23,127",0.833299046,-0.285715794
18/02/2019,954.85,"26,126.15",4.64,"23,127",0.309427282,0.845170411
15/02/2019,951.9,"25,906.27",4.66,"23,116",0.564675654,-0.062282121
14/02/2019,946.54,"25,922.41",3.91,"23,120",0.947914642,0.19364933
13/02/2019,937.61,"25,872.26",3.87,"23,120",0.775172781,0.086655403
12/2/2019,930.37,"25,849.85",4.39,"23,122",1.533676045,1.109504271
11/2/2019,916.21,"25,564.63",4.56,"23,120",0.462753603,0.407563247
1/2/2019,911.98,"25,460.65",4.55,"23,120",-0.779863054,-0.079345905
31/01/2019,919.12,"25,480.86",4.61,"23,115",0.549859557,1.29889731
30/01/2019,914.08,"25,152.03",4.71,"23,121",0.044863904,0.036663801
29/01/2019,913.67,"25,142.81",4.78,"23,111",0.12484943,0.400317999
28/01/2019,912.53,"25,042.36",4.77,"23,100",0.402989471,-0.88833074
25/01/2019,908.86,"25,265.81",4.82,"23,102",0.033013833,-0.417715742
24/01/2019,908.56,"25,371.57",4.82,"23,102",0.31196802,0.330204901
23/01/2019,905.73,"25,287.93",4.85,"23,107",-0.769886011,0.896966394
22/01/2019,912.73,"25,062.12",4.88,"23,117",0.822895984,0.146983012
21/01/2019,905.25,"25,025.31",4.86,"23,115",0.282087634,0.283434754
18/01/2019,902.7,"24,954.48",4.84,"23,100",-0.638260098,0.514092854
17/01/2019,908.48,"24,826.52",4.83,"23,090",-0.312122465,1.243882326
16/01/2019,911.32,"24,519.62",4.83,"23,090",1.115579312,-0.315005778
15/01/2019,901.21,"24,596.98",4.8,"23,079",-0.29029848,-0.366162458
14/01/2019,903.83,"24,687.21",4.78,"23,073",0.524702662,0.435381896
11/1/2019,899.1,"24,579.96",4.44,"23,085",0.13912465,0.01102585
10/1/2019,897.85,"24,577.25",4.6,"23,085",0.848946159,-0.124062205
9/1/2019,890.26,"24,607.76",4.77,"23,079",-0.124605013,0.299418541
8/1/2019,891.37,"24,534.19",4.8,"23,079",0.10101918,1.590377899
7/1/2019,890.47,"24,147.09",4.84,"23,072",2.016901781,0.029738853
4/1/2019,872.69,"24,139.91",4.79,"23,076",-1.939384575,0.939782611
3/1/2019,889.78,"23,914.11",4.8,"23,077",-1.15316271,0.140517872
2/1/2019,900.1,"23,880.53",4.79,"23,077",-0.409116426,-0.248763526
28/12/2018,903.79,"23,940.01",4.77,"23,067",-0.111689228,0.539883936
27/12/2018,904.8,"23,811.11",4.72,"23,067",0.90706339,-0.139165842
26/12/2018,896.63,"23,844.27",4.74,"23,072",0.326195314,0.689961346
25/12/2018,893.71,"23,680.32",4.73,"23,068",-1.900787041,0.873982174
24/12/2018,910.86,"23,474.26",4.84,"23,062",-0.077917949,2.498944981
21/12/2018,911.57,"22,894.92",4.84,"23,063",-0.430197646,-1.221903619
20/12/2018,915.5,"23,176.39",4.79,"23,059",-1.178176888,0.509485259
19/12/2018,926.35,"23,058.61",4.76,"23,059",-0.784950267,-0.412572495
18/12/2018,933.65,"23,153.94",4.8,"23,064",-1.534779879,-0.257378416
17/12/2018,948.09,"23,213.61",4.8,"23,079",-1.121220848,2.55038236
14/12/2018,958.78,"22,629.06",4.79,"23,078",-0.260408676,3.468028628
13/12/2018,961.28,"21,857.73",4.66,"23,073",0.517314462,-2.080663157
12/12/2018,956.32,"22,317.28",4.62,"23,061",0.040789646,-2.454082106
11/12/2018,955.93,"22,871.74",4.69,"23,061",0.091052288,-1.528930643
10/12/2018,955.06,"23,224.12",4.81,"23,056",-0.149616831,-2.000218015
7/12/2018,956.49,"23,693.33",4.86,"23,051",-0.06793372,-0.319410601
6/12/2018,957.14,"23,769.13",4.94,"23,054",0.712985594,-0.911724978
5/12/2018,950.34,"23,986.83",4.83,"23,066",-0.276360832,-1.740765649
4/12/2018,952.97,"24,408.04",4.72,"23,066",1.615335519,-0.685207411
3/12/2018,937.7,"24,575.86",4.44,"23,065",1.418783431,0.272059119
30/11/2018,924.49,"24,509.09",3.7,"23,055",-1.11759447,-0.856492266
29/11/2018,934.88,"24,719.91",3.32,"23,050",1.265894192,1.462755137
28/11/2018,923.12,"24,360.95",3.23,"23,053",-0.216422194,-2.264190083
27/11/2018,925.12,"24,918.82",3.21,"23,055",1.026742107,0.730626431
26/11/2018,915.67,"24,737.42",3.22,"23,055",-0.895862654,-4.021696268
23/11/2018,923.91,"25,752.56",3.26,"23,065",-0.110339467,-0.104827813
22/11/2018,924.93,"25,779.57",3.19,"23,070",1.64602901,1.849574842
21/11/2018,909.83,"25,307.14",3.01,"23,074",0.007694041,-0.14416362
20/11/2018,909.76,"25,343.65",3.02,"23,069",0.784594708,2.036123481
19/11/2018,902.65,"24,832.84",2.96,"23,059",0.134139669,1.116921034
16/11/2018,901.44,"24,557.02",2.84,"23,059",0.034395336,0.788579171
15/11/2018,901.13,"24,364.13",2.83,"23,060",-0.335680455,0.113879676
14/11/2018,904.16,"24,336.40",2.91,"23,056",-0.021011772,-0.839850225
13/11/2018,904.35,"24,541.65",3.14,"23,061",-0.552460177,-0.313383019
12/11/2018,909.36,"24,618.68",3.3,"23,054",-1.283840914,-3.095268244
9/11/2018,921.11,"25,392.61",3.27,"23,058",-0.819552646,0.593504729
8/11/2018,928.69,"25,242.35",3.15,"23,058",0.719723,0.719113354
7/11/2018,922.03,"25,061.48",3.05,"23,060",-0.968151629,-1.294776655
6/11/2018,931,"25,388.08",3.2,"23,052",1.094040191,0.263738809
5/11/2018,920.87,"25,321.21",3.1,"23,052",1.03918587,-2.488869812
2/11/2018,911.35,"25,959.33",3.15,"23,060",-0.456519319,-0.728407295
1/11/2018,915.52,"26,149.11",3.12,"23,065",,#DIV/0!
